http://www.chinahr.com/	中华英才网
http://cnt.zhaopin.com/Market/whole_counter.jsp?sid=121116264&site=sougoukuzhan&url=http://www.zhaopin.com	智联招聘
http://www.dajie.com	大街网
http://www.wealink.com/	若邻网
http://www.lietou.com/abtest/4/	猎聘网
http://www.528.com.cn	528招聘网
http://www.ganji.com/zhaopin/?ca_name=sogou_kuzhan_045_quanguozhaopin&ca_s=tg_sogou&ca_n=003_zpku&ca_i=ad	赶集招聘
http://www.51job.com/	前程无忧
http://beijing.chinahr.com/?prj=261	中华英才网北京站
http://www.shoudurc.com	首都人才网
http://www.hdrc.com.cn	海淀区人才服务中心
http://www.bjld.gov.cn	北京市劳动局
http://www.bjbys.net.cn	高校毕业生就业指导中心
http://www.fesco.com.cn	fesco
http://www.01hr.com	数字英才招聘网
http://www.wonhr.com	顺义人才网
http://www.tjrc.com.cn	北方人才网
http://www.bhrc.com.cn	滨海人才市场
http://www.tjjob1998.com	天津易才网
http://www.jinmenrc.com	津门人才网
http://www.tj.lss.gov.cn	天津劳动保障网
http://www.51job.com/default-area.php?area=0500	前程无忧-天津
http://www.tedahr.com	泰达人才
http://searchjob.job1998.com	易才网
http://www.21cnhr.gov.cn	21世纪人才网
http://www.01job.cn	上海第一招聘
http://www.firstjob.com.cn	上海高校毕业生就业信息网
http://www.spta.gov.cn	上海职业能力考试院
http://www.efesco.com	上海外服
http://jobs.12333sh.gov.cn	上海公共招聘网
http://www.shjob.cn	上海招聘网
http://www.51job.com/default-area.php?area=0200	前程无忧上海站
http://www.sc.sh.cn	申才网
http://www.12333sh.gov.cn	上海劳动保障服务网
http://www.shzp.com.cn	上海招聘热线
http://www.shwshr.com	上海卫生人才网
http://www.001hr.net	上海人才网
http://shanghai.chinahr.com/?prj=263	中华英才网上海站
http://www.dshrc.com	大上海人才网
http://www.shrc.com.cn	上海市人才发展服务中心
http://www.cqwsrc.com	重庆医药卫生人才网
http://www.hrm.cn	联英人才网
http://www.51job.com/default-area.php?area=0600	前程无忧重庆站
http://www.cqhrss.gov.cn	重庆市人事局
http://www.cqjob.com	重庆人才网
http://www.hbrc.com.cn	河北人才网
http://www.hebeirc.com	燕赵人才热线
http://sjzrs.gov.cn	石家庄人事信息网
http://www.jobinhe.net	银河人才网
http://www.czrcw.com	沧州人才网
http://www.tsrcw.com	唐山人才网
http://www.bdrc.com.cn	保定市人才市场
http://www.zjkjob.com	张家口人才网
http://www.hbsc.cn	河北搜才网
http://www.xtjob.net	邢台人才网
http://www.hebpta.com.cn	河北省人事考试网
http://www.qhdrc.com	秦皇岛人才网
http://www.hengshuirc.com	衡水人才网
http://www.lfrc.net	廊坊人才网
http://www.sjrc.com.cn	山西人才市场
http://www.ycsrcsc.com	运城市人才市场网 
http://www.tyrc.com.cn	太原人才网
http://www.lfrc.com.cn	临汾人才网
http://www.tylm.com.cn	太原职业介绍服务中心
http://www.llrc.com.cn	吕梁人才网
http://www.czsrc.com	长治人才网
http://www.jcrcw.com	晋城人才网
http://www.dtrsrc.gov.cn	大同人才网
http://www.syrc.com.cn	中国沈阳人才网
http://www.51job.com/default-area.php?area=2302	前程无忧-沈阳
http://www.liaoshenrc.com	辽沈人才网
http://www.fsrs.gov.cn	抚顺人事网
http://www.51job.com/default-area.php?area=2303	前程无忧-大连
http://www.dl-rc.com	大连人才网
http://www.rsj.dl.gov.cn	大连市人事局
http://www.fsrc.com.cn	抚顺人才网
http://www.0416job.com	锦州人才网
http://www.asrs.gov.cn	鞍山人事编制网
http://www.23job.com	鞍山人才港
http://www.hldjob.com	葫芦岛人才网
http://www.jlrc.com.cn	吉林人才网
http://rst.jl.gov.cn	吉林省人事厅
http://www.ccrc.com.cn	长春人才市场
http://www.jlsrc.com	吉林市人才市场
http://www.cctalent.com	长春经开人才网
http://www.hljjob.com	黑龙江就业网
http://www.hrbrc.com	哈尔滨人才网
http://www.51job.com/default-area.php?area=2202	前程无忧-哈尔滨
http://www.beiguorc.com	北国人才网
http://job.96963.com	哈港人才
http://www.jyrc.net	姜堰人才网
http://www.rcxxt.net	吴江人才市场
http://www.lyjob.net	溧阳人事人才网
http://www.wuxjob.com	无锡人才网
http://www.txjob.com.cn	泰兴人才网
http://www.xuzhoujob.com	徐州英才网
http://www.lygrc.com	连云港人才市场
http://www.kshr.com.cn	昆山人才网
http://www.job256.com	姑苏人才网
http://www.91job.gov.cn	江苏高校就业联盟
http://www.rdrc.com.cn	如东人才网
http://www.jnrsrc.com.cn	江宁人事人才网
http://www.hrol.cn	镇江人才市场
http://www.wjhr.net	吴江开发区人力资源网
http://www.ychr.com	盐城人才网
http://www.csrcsc.com	常熟人才市场
http://www.njrsrc.com	南京人才网
http://www.yxrc.com.cn	宜兴人才网
http://www.tzjob.com	泰州人才网
http://www.jyrcw.com	江阴人才网
http://www.yzjob.net	扬子人才网
http://www.yzjob.net.cn	扬州人才市场
http://www.xzrc.com	徐州人才网
http://www.ntrc.gov.cn	南通人才
http://www.nchr.com.cn	新世纪人才网
http://www.harczx.gov.cn	淮安人事人才网
http://www.ntr.com.cn	江海人才网
http://www.czrc.com.cn	常州人才网
http://www.zjgrc.com	张家港人才网
http://www.jswjrc.com	武进人才网
http://www.siphrd.com	苏州人才新干线
http://www.szrc.cn	苏州人才市场
http://www.sqrcw.com	宿迁人才网
http://www.wxrczp.com	无锡人才招聘网
http://www.jsrc.com	江苏人才网
http://www.jsrsrc.com	江苏人事人才网
http://www.zjrc.com	浙江人才网
http://www.zjykrc.com	永康人才网
http://www.zjhz.lss.gov.cn	杭州市劳动保障信息网
http://www.0576job.com.cn	台州人才招聘网
http://www.fhclm.com	奉化市劳动力市场
http://www.hzbys.com	杭州毕业生就业网
http://www.hzrc.com	杭州人才网
http://tzzp.cn	台州招聘网
http://www.hyrcsc.com.cn	海盐人事人才网
http://www.lhrc.com.cn	临海人才网
http://www.tlrc.com.cn	桐庐人才网
http://www.zjrcw.gov.cn	诸暨人才网
http://www.jsrcsc.com	嘉善人事人才网
http://www.people258.com	258人才网
http://www.yqrc.com	乐清人才网
http://www.dyrc.gov.cn	东阳人才网
http://www.nbrczp.com	宁波招聘网
http://www.wlrcw.com	温岭人才网
http://www.hnrc.gov.cn	海宁市人才网
http://www.blrsj.gov.cn	北仑人才网
http://www.wzjob.com	温州招聘网
http://www.91job.com	恒信人才网
http://www.zjdqrc.com	德清人才网
http://www.tzrl.com	台州人力网
http://www.577job.com	瑞安人才网
http://www.larcw.com	临安人才网
http://www.zjtxrc.com	桐乡人才网
http://www.hzyhrc.net	余杭人才网
http://www.lsrc.cn	丽水人才网
http://www.fyrc.net	富阳人才网
http://www.szrcw.com.cn	嵊州人才网
http://www.ywrc.com.cn	义乌人才网
http://www.cnrsj.com	苍南人才网
http://www.yyrc.com	余姚人才网
http://www.xshr.com	萧山人才网
http://www.cxhr.com	慈溪人才网
http://www.qzrcw.com	衢州人才网
http://www.sxrc.com.cn	绍兴人才网
http://www.nbrcw.com	宁波网上人才市场
http://www.nbrc.com.cn	宁波人才网
http://www.jhrcsc.com	金华人才网
http://www.tzrc.com	台州人才网
http://www.tzrcg.com	台州人才港
http://www.soucai.com	搜才网
http://www.jxrsrc.com	嘉兴人事人才网
http://www.wzrc.net	温州人才网
http://www.hhrc.com.cn	高新人才网
http://www.51job.com/default-area.php?area=0802	51job杭州站
http://www.hzsrsj.gov.cn	杭州人事局
http://www.zjhr.com	浙江人力资源网
http://www.hzhr.com	湖州人事人才网
http://www.15hr.com	一网人才
http://www.yhrl.com	玉环人力网
http://www.sdrc.com.cn	山东人才网
http://www.sdrs.gov.cn	山东人事信息网
http://www.51job.com/default-area.php?area=1202	51job济南站
http://www.lyrs.gov.cn	临沂人事信息网
http://www.zgqdrc.com	青岛人才政务网
http://ytrc.gov.cn	烟台人才热线
http://www.whrc.gov.cn	威海人才网
http://www.dzjob.net	安然德州人才网
http://www.job17.com	半岛人才网
http://www.qlrc.com	齐鲁人才
http://www.qdhr.net	青岛开发区人才网
http://www.rzrsrc.com	日照人事人才网
http://www.rsks.sdrs.gov.cn	山东人事考试信息网
http://www.zbrcsc.gov.cn	淄博人才市场
http://www.kzrcw.com	孔子人才网
http://www.jzrc.gov.cn	胶州人才网
http://www.dyrsks.gov.cn	东营人事人才网
http://yt.sdrc315.com	烟台人才市场
http://www.dazhonghr.com	大众人才网
http://www.sdbys.cn	山东高校毕业生就业信息网
http://www.zbrc.com.cn	淄博人才联合网
http://www.dzrs.gov.cn	德州人事局
http://www.tzjob.com.cn	滕州人才网
http://www.lcrs.gov.cn	聊城人事信息网
http://www.ytjob.com	烟台招聘
http://www.hezejob.com	菏泽人才网
http://www.rzhr.com	日照人才网
http://www.jobweihai.com	威海招聘网
http://www.lc-rc.com	聊城人才网
http://wf.sdrc315.com	潍坊人才网
http://www.wsrc.cn	青岛卫生人才网
http://www.hrbanlv.com	HR伴侣
http://www.lyrcw.com	龙岩人才网
http://www.eptrc.com	莆田人才网
http://www.qzrs.gov.cn	泉州人事网
http://www.xmrc.com.cn	厦门人才网
http://www.zzhr.com	漳州人事人才网
http://zhidao.baidu.com/q?word=%CF%C3%C3%C5++%D5%D0%C6%B8&ct=17&pn=0&tn=ikaslist&rn=10	厦门招聘会信息
http://www.smrc.cn	三明人才网
http://www.hawjob.com	好工作人才网
http://www.2238202.com	漳州人才网
http://www.xmrs.gov.cn	厦门人事网
http://www.hxrc.com	海峡人才网
http://www.0591job.com	福州人才网
http://www.qzrc.com	泉州人才网
http://www.xmrencai.com	厦门人才网
http://www.jajob.cn	吉安人才网
http://www.jjrs.gov.cn	九江人事网
http://www.0791hr.com	南昌人才网
http://www.jxxyrc.com	新余人才网
http://www.ytrcw.com	鹰潭人才网
http://www.jjtl.com.cn	九江人才网
http://www.gz91.com	赣州人才网
http://www.jxrcrx.com	江西人才热线
http://www.ncldlsc.com	南昌人力资源服务中心
http://www.jxrencai.com	江西人才人事网
http://www.srrcw.com	上饶人才网
http://www.0554zp.com	淮南人才网
http://www.jianghuairc.com	江淮人才网
http://www.hnhr.cn	淮南人事人才网
http://www.bbrsrc.ah.cn	蚌埠人事人才网
http://www.wcrsrc.com	滁州人才网
http://www.fyrc.cn	阜阳人事人才网
http://www.larc.cn	六安人才网
http://www.masrc.com.cn	马鞍山人才网
http://www.goodjobs.cn	新安人才网
http://www.whrs.gov.cn	芜湖人事人才网
http://www.51job.com/default-area.php?area=1502	51job合肥
http://www.hfrc.cn	合肥人才网
http://www.ahhr.com.cn	安徽人才网
http://www.aqrc.com	安庆人才网
http://www.henanrc.com	河南人才网
http://www.pdsjob.cn	平顶山人才网
http://www.xyrcw.com.cn	信阳人才网
http://www.edrc.cn	南阳人才网
http://www.xxrsrc.cn	新乡人事人才网
http://www.ayrc.net	安阳人才网
http://www.zyrc.com.cn	河南省人才交流中心
http://www.bosshr.com	博思人才网
http://www.zzgxrc.com	郑州高新人才网
http://www.lyhero.com	洛阳人才网
http://www.xxjob.cn	新乡人才网
http://www.xcjob.cn	许昌人才网
http://www.jjoobb.cn	九博人才网
http://www.hnbys.gov.cn	河南省毕业生就业信息网
http://www.zhongzhourc.com	中州人才网
http://www.jobjy.cn	济源人才网
http://www.pyrc.net	濮阳人才网
http://www.lhhr.com.cn	漯河人才网
http://www.0371job.com	郑州人才网
http://www.job0378.com	开封人才网
http://www.jingchurc.com	荆楚人才网
http://www.333job.com	纳杰人才网
http://job.435000.com	黄石人才网
http://www.111job.cn	华中人才网
http://www.hbsxrc.com.cn	三峡人才市场
http://www.51job.com/default-area.php?area=1802	前程无忧-武汉站
http://wuhan.chinahr.com	中华英才-武汉站
http://www.job98.com	武汉人才网
http://www.hbjob.net	湖北人才热线
http://www.xxrc.cn	湘西人才网
http://www.hnzptong.cn	益阳人才网
http://www.hnrcsc.com	湖南人才网
http://www.hnz.com.cn	湖南招聘网
http://www.0731job.com	长沙招聘网
http://www.xiaoxiangrc.com	潇湘人才网
http://www.hnhyrc.com	衡阳人才网
http://www.hnzzrc.com	株州人才网
http://www.frrc.com.cn	芙蓉人才网
http://www.job121.com	湘中人才网
http://www.cshr.com.cn	长沙人才网
http://www.15job.com	长沙高新人才网
http://www.51job.com/default-area.php?area=1902	51job长沙站
http://www.syrcsc.com	邵阳人才网
http://www.rc0732.com	湘潭人才网
http://www.hnleader.gov.cn	湖南领导人才网
http://www.hnbaihua.com	湖南百花人才市场
http://www.hunbys.com	湖南毕业生就业信息网
http://www.hnrst.gov.cn	湖南人事编制网
http://www.0746job.com	永州人才网
http://www.hhrcw.com	怀化人才网
http://www.54yjs.cn	我是应届生
http://www.dgjob.cn	东莞人才招聘网
http://www.jobzh.com	智海人才网
http://www.xhrc.com.cn	新会人才网
http://www.nhrc.com.cn	南海人才信息网
http://www.jobha.com	汇安人力网
http://www.hunt007.com	找工易
http://www.job168.com	南方人才网
http://www.zhujiangrc.com	珠江人才网
http://www.job-sky.com	博天人才网
http://www.0757rc.com	大佛山人才网
http://www.gzlss.gov.cn	广东劳动保障信息网
http://www.job001.cn	国际人才网
http://www.szsh.com	三和招聘网
http://www.jobjm.com	江门人才网
http://www.strc.com.cn	汕头人才网
http://www.job5156.com	智通人才网
http://www.0752rc.cn	惠州人才网
http://www.51job.com/default-area.php?area=0302	前程无忧-广州
http://www.stzp.cn	汕头招聘网
http://www.sdrc.gov.cn	顺德人才交流中心
http://www.szhr.com.cn	深圳人才网
http://shunde.zsjjob.com	珠三角人才网
http://www.zh-hr.com	珠海人力资源网
http://www.51job.com/default-area.php?area=0400	前程无忧-深圳
http://www.gzpi.gov.cn	广州人事网
http://guangzhou.chinahr.com/?prj=264	中华英才网广东站
http://www.yjrc.net	阳江人才网
http://www.160job.com	龙观人才市场
http://www.sg-rc.com	韶关人才网
http://www.lbrcw.com	来宾人才网
http://www.gxbys.com	广西毕业生就业网
http://www.gxqzrc.com	钦州人才网
http://www.bhrc.cn	北海人才网
http://www.lzrc.com.cn	柳州人才网
http://www.vvjob.com	桂聘人才网
http://www.ggrc.cn	贵港人才网
http://www.gx.lss.gov.cn	广西壮族自治区人事厅
http://www.gxrc.com	广西人才网
http://www.rsrc.net	玉林人事人才网
http://www.xnrc.com	西宁人才网
http://www.qhrcsc.com	青海人才市场
http://www.ls-rc.com.cn	乐山人才网
http://www.huaxirc.com	华西人才网
http://www.dyrc114.com	德阳人事人才网
http://www.msdprc.com	眉州人才市场
http://www.myhm.org	绵阳人才网
http://www.job20.com	天府人才网
http://www.pxrc.com.cn	攀西人才网
http://www.ybrc.gov.cn	三江人才网
http://www.dzwork.net	达州人才网
http://www.rc114.com	成都人才网
http://www.51job.com/default-area.php?area=0902	前程无忧-成都
http://www.scrs.gov.cn	四川人事信息网
http://chengdu.chinahr.com	中华英才网四川站
http://www.scrc168.com	四川人才网
http://www.qnrc.gz.cn	黔南人事人才网
http://www.gzrs.gov.cn	贵州人事人才网
http://www.gyrc.com.cn	中国贵阳人才网
http://www.jqrc.net	酒泉人事人才网
http://www.rst.gansu.gov.cn	甘肃人事网
http://www.xsb-job.cn	贤士榜
http://www.hhzrc.cn	红河人才网
http://www.ynwsrs.gov.cn	文山州人事网
http://www.yxzp.net	玉溪人才招聘网
http://work.yninfo.com	云南信息港人才
http://www.ynrcsc.com	云南人才网
http://www.ynhr.com	云南人才市场
http://www.xyrs.cn	咸阳人事网
http://www.guanzhongrc.com	关中人才网
http://www.job0917.com	宝鸡人才网
http://www.bjrsrc.com	宝鸡人事人才网
http://www.xyjob.com	咸阳人才市场
http://www.51job.com/default-area.php?area=2002	前程无忧-西安站
http://xian.chinahr.com	中华英才西安站
http://www.hrdonline.com	高新人才热线
http://www.xajob.com	中国西安人才网
http://www.sxrcw.net	陕西人才网
http://www.erdsrsrc.com	鄂尔多斯人事人才网
http://www.hhhtrc.com	呼和浩特人才
http://www.btrc.cn	包头人才网
http://www.nmbys.com	毕业生就业网
http://www.nmrc.com.cn	内蒙古人才网
http://www.xzjyzdzx.gov.cn	西藏就业信息网
http://www.haijob.com	海口人才网
http://www.hainanhr.com	海南英才网
http://www.0898job.com	海南人才热线
http://www.sanyajob.com	三亚人才网
http://job.hainan.net	海南人才在线
http://www.0951job.com	宁夏英才网
http://www.zgycrc.com	银川人才网
http://www.nxrc.com.cn	宁夏人才网
http://www.njrc365.com	南疆人才网
http://www.xjrc365.com	中国新疆人才网
http://www.xjrcw.com	新疆人才
http://www.wlmqrc.com	乌鲁木齐人事人才网
http://www.xjrc.com	新疆人才网
http://www.xjrs.gov.cn	新疆人事人才信息网
http://www.104.com.tw	104人力银行
http://www.jobs.gov.hk	香港劳工处
http://www.jobcn.com	卓博人才网
http://www.zjrc.com	浙江人才网
http://www.jobhb.com	湖北人才网
http://www.szhr.com.cn	深圳人才网
http://www.hnrcsc.com	湖南人才网
http://www.siphrd.com	苏州人才新干线
http://www.xmrc.com.cn	厦门人才网
http://www.job168.com	南方人才网
http://www.hzrc.com	杭州人才网
http://www.wzjob.gov.cn	温州人才网
http://www.kshr.com.cn	昆山人才网
http://www.shjob.cn	上海招聘网
http://www.nbrc.com.cn/nb	宁波人才网
http://www.hxrc.com	海峡人才网
http://www.jxrencai.com	江西人才人事网
http://jobs.12333sh.gov.cn	上海公共招聘网
http://www.hbsc.cn	河北搜才网
http://www.cqjob.com	重庆人才网
http://www.qzrc.com	泉州人才网
http://www.wxhrm.com	无锡人才网
http://www.gxrc.com	广西人才网
http://www.nmrc.com.cn	内蒙古人才网
http://www.njrsrc.com	南京人才网
http://www.tjjob1998.com	天津易才网
http://www.qlrc.com	齐鲁人才
http://www.tianjihr.com	天基人才网
http://www.ahjob.com.cn	新安人才网 
http://www.gdrc.com	广东人才网
http://www.buildjob.net	中国建筑人才网 
http://www.triphr.com	中国酒店人才网
http://www.jobeast.com	中国外语人才网 
http://www.jiaoshi.com.cn	中国教师人才网
http://www.tourjob.net	中国旅游人才网
http://www.jkyc.com	健康英才网
http://www.doctorjob.com.cn	中国医疗人才网
http://www.buildhr.com	建筑英才网
http://www.newjobs.com.cn	中国国家人才网
http://www.800hr.com	英才网联
http://www.epjob88.com	电力英才网
http://bbs.hrsalon.org	hr沙龙
http://www.veryeast.cn	最佳东方酒店人才
http://www.carjob.com.cn	中国汽车人才网
